1	MOBILIZAÇÃO E SERVIÇOS PRELIMINARES		
1.1	Documentação		
1.1.2	Elaborar documentação de "as built" seguindo o padrão dos projetos executivos emitidos. (Todas as disciplinas)	m²	 R$  17,25 
1.1.3	Seguro de Obra;	m²	 R$  23,00 
1.1.4	DATA BOOK, documentação da obra inclusive manual do proprietário, as built, notas fiscais, garantias e manuais técnicos.	vb	 R$  21,00 
1.1.5	Documentação de obra (ASO/ PCMAT/ PPRA /PCMSO / APR / Etc..); 	vb	 R$  1.200,00 
1.1.6	Fornecimento de ART de execução da obra com comprovante de pagamento junto ao CREA.     	und	 R$  800,00 
1.2	Mobilização 		
1.2.1	Região Norte- Mobilização de pessoal, equipamentos e materiais de obra (incluso administração, epi´s, alimentação, transportes, ferramentas, equipamentos, andaimes).	und	 R$  29.000,00 
1.2.2	Região Nordeste - Mobilização de pessoal, equipamentos e materiais de obra (incluso administração, epi´s, alimentação, transportes, ferramentas, equipamentos, andaimes).	und	 R$  28.000,00 
1.2.3	Região Centro Oeste - Mobilização de pessoal, equipamentos e materiais de obra (incluso administração, epi´s, alimentação, transportes, ferramentas, equipamentos, andaimes).	und	 R$  27.500,00 
1.2.4	Região Sudeste - Mobilização de pessoal, equipamentos e materiais de obra (incluso administração, epi´s, alimentação, transportes, ferramentas, equipamentos, andaimes).	und	 R$  22.000,00 
1.2.5	Região Sul - Mobilização de pessoal, equipamentos e materiais de obra (incluso administração, epi´s, alimentação, transportes, ferramentas, equipamentos, andaimes).	und	 R$  21.000,00 
1.3	Equipe técnica de obra 		
1.3.1	Técnico de segurança;	 mês	 R$  7.590,00 
1.3.2	Mestre de obras;	 mês	 R$  13.671,43 
1.3.3	Encarregado;	 mês	 R$  8.060,00 
1.3.4	Almoxarife;	 mês	 R$  5.700,00 
1.3.5	Engenheiro / Arquiteto residente - Full time.	 mês	 R$  16.423,97 
1.4	Canteiro e equipamentos 		
1.4.1	Tapume para isolamento da obra;	m²	 R$  46,45 
1.4.2	Tela fachadeira para proteção de obra;	m²	 R$  2,90 
1.4.3	Containers: Tipo escritório;	mês	  n/a
1.4.4	Containers: Tipo sanitário; 	mês	  n/a
1.4.5	Banheiro químico;	mês	  n/a
1.4.6	Andaime fachadeiro;	m²	 R$  5,90 
1.4.7	Plataforma articulada telescópica - até 12 m;	dia	  n/a
1.4.8	Plataforma Tesoura - até 8 m.	dia	  n/a
2	SERVIÇOS GERAIS - Observação: As demolições devem ser precedidas de prospecção.		
2.1	Execução de valas para interligação de instalações em geral;	m³	 R$  93,00 
2.2	Caixas de passagem para interligação de instalações em geral - em alvenaria, inclusive tampa;	und	 R$  492,00 
2.3	Demolição de alvenaria, incluindo cerâmicas;	m²	 R$  79,00 
2.4	Remoção de divisórias tipo Eucatex, portas, armários;	m²	 R$  19,00 
2.5	Remoção de forro existente (PVC, Gesso ou placas);	m²	 R$  11,90 
2.6	Remoção de todas as luminárias e infraestrutura elétrica obsoleta;	m²	 R$  13,00 
2.7	Remoção de louças e metais;	und	 R$  20,00 
2.8	Remoção de portas;	und	 R$  14,00 
2.9	Apoio civil - (climatização, elétrica, hidráulica, dados, equipamentos, movimentação, layout/mobiliário, reparo, infras complementares);	m²	 R$  7,00 
2.10	Malha pop 15x15cm - 4,2mm² - para enchimento de piso; 	m²	 R$  16,50 
2.11	Enchimento em EPS= 15cm nas áreas molhadas banheiros e vestiários para passagem de tubulações hidráulicas; 	m³	 R$  45,00 
2.12	Regularização em concreto = 10cm  de piso nas áreas molhadas banheiros e vestiários para passagem de tubulações hidráulicas incluso caixarias no perímetro;	m²	 R$  37,16 
2.13	Furo em laje	und	 R$  118,12 
3	EXECUÇÃO DE PAREDE E FECHAMENTO EM DRY-WALL		
3.1	Divisória piso teto em gesso - Tipo Standard-Drywall - e=10cm;	m²	 R$  45,00 
3.2	Divisória piso teto em gesso - Tipo Standard-Drywall - e=10cm PAREDE DUPLA;	m²	 R$  49,00 
3.3	Divisória piso teto em gesso - Tipo Drywall RU (resistente a umidade), e=10cm;	m²	 R$  45,00 
3.4	Divisória piso teto em gesso - Tipo -Drywall RF (resistente a fogo), e=10cm;	m²	 R$  45,00 
3.5	Fornecimento e instalação cabines (divisórias) em laminado melamínico estrutural ts | acabamento texturizado dupla face | cor: f665 | ferragens cromadas e perfis de alumínio natural fosco, incluindo portas;	m²	 R$  350,00 
3.6	Reforços estruturais no dry-wall em perfis e miolo de madeira para fixação de pias, prateleiras, tv´s, marcenarias, prateleiras, equipamento de ar condicionado e outros;	m²	 R$  42,00 
3.7	Execução de alvenaria bloco de concreto 09cm;	m²	 R$  66,00 
3.8	Execução de alvenaria bloco de concreto 14cm;	m²	 R$  72,00 
3.9	Lã de rocha - Acústica;	m²	 R$  4,80 
3.10	Lã de Pet - Acústica;	m²	 R$  4,80 
3.11	Divisória em painel Eucatex;	m²	 R$  62,93 
3.12	Execução de contra parede em gesso - Tipo Standard-Drywall - e=10cm;	m²	 R$  36,00 
3.13	Execução de contra parede em gesso - Tipo Drywall RU (resistente a umidade), e=10cm.	m²	 R$  36,00 
3.14	Execução de contra parede em gesso - Tipo Drywall RF (resistente a fogo), e=10cm.	m²	 R$  74,57 
3.15	Execução de parede em placa cimentícia	m²	 R$  98,10 
3.16	Divisória Retrátil Acústica - Linha DIMOFLEX - - Fornecedor DIMOPLAC com trilhos embutidos no forro 	m²	 R$  1.680,00 
3.17	Septo superior à porta de correr com lã acústica;	und	 R$  111,31 
4	ESQUADRIAS - Observação: As portas e ferragens devem seguir especificações descritas em projeto.		
4.1	Esquadrias de madeiras		
4.1.1	PORTA PRONTA PORMADE DE ABRIR EM MADEIRA BRANCA LISA COM FERRAGENS SEMI OCA 100CM | PINTURA LAQUEADA UV | FECHADURA PADO MAGNUM 931-80 CROMADO| H=2,1M | GUARNIÇÃO:  5 CM VÃO EM ALVENARIA DE 98X215CM - PARA BATENTE DE 15CM | MEDIR CONFORME PROJETO;	und	 R$  488,24 
4.1.2	PORTA PRONTA PORMADE DE ABRIR EM MADEIRA BRANCA LISA COM FERRAGENS SEMI OCA 90CM | PINTURA LAQUEADA UV | FECHADURA PADO MAGNUM 931-80 CROMADO| H=2,1M | GUARNIÇÃO: 5 CM VÃO EM ALVENARIA DE 98X215CM - PARA BATENTE DE 15CM | MEDIR CONFORME PROJETO;	und	 R$  264,00 
4.1.3	PORTA PRONTA PORMADE DE ABRIR EM MADEIRA BRANCA LISA COM FERRAGENS SEMI OCA 80CM | PINTURA LAQUEADA UV | FECHADURA PADO MAGNUM 931-80 CROMADO| H=2,1M | GUARNIÇÃO:  5 CM VÃO EM ALVENARIA DE 88X215CM - PARA BATENTE DE 15CM | MEDIR CONFORME PROJETO;	und	 R$  264,00 
4.1.4	PORTA PRONTA PORMADE DE ABRIR EM MADEIRA BRANCA LISA COM FERRAGENS SEMI OCA 70CM | PINTURA LAQUEADA UV | FECHADURA PADO MAGNUM 931-80 CROMADO| H=2,1M | GUARNIÇÃO:  5 CM VÃO EM ALVENARIA DE 88X215CM - PARA BATENTE DE 15CM | MEDIR CONFORME O PROJETO;	und	 R$  416,91 
4.1.5	PORTA PRONTA PORMADE DE ABRIR EM MADEIRA BRANCA LISA COM FERRAGENS SEMI OCA PCD 90CM | PINTURA LAQUEADA UV | FECHADURA PADO MAGNUM 931-80B  CR | H=2,1M | GUARNIÇÃO: 5 CM | COM BARRA ANTI-IMPACTO H=40cm | VÃO EM ALVENARIA DE 98X215CM | PARA BATENTE DE 15CM | CONFORME PROJETO;	und	 R$  264,00 
4.1.6	PORTA PRONTA DUPLA DE ABRIR EM MADEIRA BRANCA LISA COM FERRAGENS SEMI OCA  120 CM | PINTURA LAQUEADA UV | COM BARRA ANTI-PÂNICO | H=2,1M | GUARNIÇÃO: 5 CM | VÃO EM ALVENARIA DE 128 X215CM | PARA BATENTE DE 15CM | CONFORME PROJETO;	und	 R$  720,14 
4.1.7	PORTA PRONTA DUPLA DE ABRIR EM MADEIRA BRANCA LISA COM FERRAGENS SEMI OCA  140 CM | PINTURA LAQUEADA UV | COM BARRA ANTI-PÂNICO | H=2,1M | GUARNIÇÃO: 5 CM | VÃO EM ALVENARIA DE 128 X215CM | PARA BATENTE DE 15CM | CONFORME PROJETO;	und	 R$  662,40 
4.2	PORTA DE SAÍDA DE EMERGÊNCIA		
4.2.1	Porta em Chapa Metálica (1,40x2,10m) - Com chave e barra anti pânico;	und	 R$  258,00 
4.2.2	Porta Corta Fogo (0,70x2,10m) - P30	und	 R$  645,15 
4.2.3	Porta Corta Fogo (0,80x2,10m) - P30	und	 R$  716,02 
4.2.4	Porta Corta Fogo (1,00x2,10m) - P30	und	 R$  759,64 
4.2.5	Porta Corta Fogo (1,20x2,10m) - P30	und	 R$  843,01 
4.2.6	Porta Corta Fogo (0,70x2,10m) - P60	und	 R$  807,09 
4.2.7	Porta Corta Fogo (0,80x2,10m) - P60	und	 R$  870,74 
4.2.8	Porta Corta Fogo (1,00x2,10m) - P60	und	 R$  905,30 
4.2.9	Porta Corta Fogo (1,20x2,10m) - P60	und	 R$  960,81 
4.2.10	Porta Corta Fogo (0,70x2,10m) - P90	und	 R$  922,18 
4.2.11	Porta Corta Fogo (0,80x2,10m) - P90	und	 R$  995,02 
4.2.12	Porta Corta Fogo (1,00x2,10m) - P90	und	 R$  1.035,24 
4.2.13	Porta Corta Fogo (1,20x2,10m) - P90	und	 R$  1.098,36 
4.2.14	Porta Corta Fogo (0,70x2,10m) - P120	und	 R$  1.094,16 
4.2.15	Porta Corta Fogo (0,80x2,10m) - P120	und	 R$  1.161,98 
4.2.16	Porta Corta Fogo (1,00x2,10m) - P120	und	 R$  1.210,03 
4.2.17	Porta Corta Fogo (1,20x2,10m) - P120	und	 R$  1.242,69 
4.3	Esquadrias de aluminio 		
4.3.1	Porta de veneziana em alumínio 70 cm , com pintura eletrostática;	und	 R$  264,00 
4.3.2	Porta de veneziana em alumínio 80 cm , com pintura eletrostática;	und	 R$  264,00 
4.3.3	Porta de veneziana em alumínio 90 cm , com pintura eletrostática;	und	 R$  264,00 
4.4	Esquadrias de vidro 		
4.4.1	Porta de vidro Temperado Incolor, e=6mm com largura de  80 cm, incluindo puxador e acabamentos na cor branco;	und	 R$  160,00 
4.4.2	Porta de vidro Temperado Incolor, e=6mm com largura de  90 cm, incluindo puxador e acabamentos na cor branco;	und	 R$  180,00 
4.4.3	Porta de vidro Temperado Incolor, e=6mm com largura de  100 cm, incluindo puxador e acabamentos na cor branco;	und	 R$  200,00 
4.4.4	Caixilho em vidro fixo temperado 6 mm temperado | CAVALÃO (PERFIL U) 2,5CM | PINTURA ELETROSTÁTICA BRANCO;	m²	 R$  82,20 
4.4.5	Caixilho em vidro fixo temperado 8 mm temperado | CAVALÃO (PERFIL U) 2,5CM | PINTURA ELETROSTÁTICA BRANCO;	m²	 R$  85,80 
4.4.6	Caixilho em vidro fixo temperado 10 mm temperado | CAVALÃO (PERFIL U) 2,5CM | PINTURA ELETROSTÁTICA BRANCO;	m²	 R$  89,40 
4.4.7	Caixilho em vidro fixo temperado 5+5mm laminado | CAVALÃO (PERFIL U) 2,5CM | PINTURA ELETROSTÁTICA BRANCO.	m²	 R$  93,60 
4.5	Acessorios		
4.5.1	Batedor de Porta - PVC - Marca Fixtil - Modelo BAT/21 - Cor Cinza;	und	 R$  9,00 
4.5.2	Mola Hidráulica Aérea - Marca Dorma - Acabamento Prata;	und	 R$  46,80 
4.5.3	Mola hidráulica aérea - Marca Coimbra - Acabamento Prata;	und	 R$  102,30 
4.5.4	Chapa em inox  - H= 40 cm para portas PCD	und	 R$  42,00 
5	REVESTIMENTOS DE PISO - Observação: As quantidade são estimativas e não levam em consideração as perdas de instalação. 		
5.1	Preparação do piso		
5.1.1	Regularização e nivelamento de piso com massa PVA para aplicação de revestimento vinílico;	m²	 R$  14,40 
5.1.2	Regularização e nivelamento de piso para assentamento de piso cerâmico;	m²	 R$  27,60 
5.1.3	Execução de contrapiso até 3 cm;	m²	 R$  38,40 
5.1.4	Execução de contrapiso de 4 a 7 cm;	m²	 R$  49,20 
5.1.5	Impermeabilização de áreas molhadas com argamassa polimérica estruturada com tela de poliéster;	m²	 R$  30,00 
5.1.6	Tratamento e aplicação de resina sobre piso de concreto;	m²	 R$  62,79 
5.2	Acabamentos		
5.2.1	Piso elevado com revestimento de fabrica formica cinza- fornecedor:  PISO AG;	m²	 R$  102,00 
5.2.2	Piso cimento queimado;	m²	 R$  9,36 
5.2.3	Fornecimento e instalação de Piso Vinílico em placa Osperfloor modelo CONCRETUM, nas dimensões 600 x 600 mm;	m²	 R$  48,00 
5.2.4	Fornecimento e instalação do Piso Vinílico Osperfloor - modelo VINGARDIO - Em régua, nas dimensões 184,15 x1219,2mm;	m²	 R$  48,00 
5.2.5	Piso Vinílico  TARKETT- linha eclipse premium - cod 21020067 - manta;	m²	 R$  48,00 
5.2.6	Piso Vinílico TARKETT (609,6x609,6mm) - LINHA ECLIPSE. Cor: 21020978 - AZUL CLARO;	m²	 R$  45,60 
5.2.7	Piso Vinílico TARKETT (609,6x609,6mm) - LINHA ECLIPSE. Cor: AZUL ESCURO;	m²	 R$  45,60 
5.2.8	Piso Vinílico TARKETT (609,6x609,6mm) - LINHA ECLIPSE. Cor: AMARELO;	m²	 R$  45,60 
5.2.9	Piso Vinílico ACE IMPRESSIONFLOOR (600 X 600 MM) - LINHA CONCRETE - Cor LIGHT GRAY (6235) 	m²	 R$  52,20 
5.2.10	Piso Vinílico ACE AFFINITY - (2,00 X 20 m) - COR : SANTORINI - ref: 4436 - MANTA 	m²	 R$  67,68 
5.2.11	Piso Vinílico ACE AFFINITY - (2,00 X 20 m) - COR : MANGO - ref: 4422 - MANTA 	m²	 R$  67,68 
5.2.12	Carpete TARKETT (500x500mm) - LINHA DESSO (6,0mm) - Cor: Azul, Cinza e Amarelo;	m²	 R$  54,00 
5.2.13	Piso Porcelanato PORTOBELLO - modelo: PORTOBELLO BOLD AC  (600x600mm) - Cor: Natural Cimento;	m²	 R$  72,00 
5.2.14	Piso porcelanato PORTOBELLO - modelo: NORD CEMENT NATURAL (600mmx600mm), Retificado,  cod 27282E, rejunte cinza platina, incluindo argamassas e insumos;	m²	 R$  72,00 
5.2.15	Piso cerâmico ELIANE - Modelo: MICRON ZINCO NO -SLIP  (600 X 600 mm) - Cód. 8045444 | Retificado | Junta de assentamento 1mm | Rejunte Cinza Platina.	m²	 R$  59,54 
5.2.16	Cerâmica GAIL - modelo:LINHA INDUSTRIAL KITCHEN KERAFLOOR (300 x 300 mm)  - ref: 7039/1001	m²	 R$  82,62 
5.2.17	Grama sintética espessura 10mm para alto trafego;	m²	 R$  14,40 
5.2.18	Fita antiderrapante nas escadas 5 cm x 50 metros;	und	 R$  78,00 
5.2.19	Cantoneira para degrau de escada de Sobrepor Frisada 3M Natural 5X3cm Alumínio;	m	 R$  27,60 
5.2.20	Piso tátil(alerta e direcional) em poliuretano termoplástico (tpu) acabamento preto, amarelo ou azul	und	 R$  6,00 
5.2.21	Rodapé em PVC com altura = 10 cm em poliestireno reciclado 16mm, na cor branca;	m	 R$  72,00 
5.2.22	Rodapé porcelanato Portobello nord cement natural 150mmx600mm, Retificado, cod 27450E, rejunte cinza platina, incluindo argamassas e insumos;	m	 R$  36,00 
5.2.23	Soleira em Granito Branco Siena - Acabamento Polido - Espessura 25mm;	m²	 R$  54,00 
5.2.24	Soleira em Granito Branco Viena - Acabamento Polido - Espessura 25mm;	m²	 R$  54,00 
5.2.25	Soleira em Granito Branco Marfim - Acabamento Polido - Espessura 25mm;	m²	 R$  54,00 
5.2.26	Baguete em granito Branco Siena - Largura 30mm - Espessura 20 mm	ml	 R$  35,63 
5.2.27	Baguete em granito Branco Viena - Largura 30mm - Espessura 20 mm	ml	 R$  36,18 
5.2.28	Baguete em granito Branco Marfim - Largura 30mm - Espessura 20 mm	ml	 R$  53,10 
5.2.29	Arremate de piso - Perfil de Alumínio Jota - considerar onde piso vinílico/piso frio finalizar sem acabamento;	ml	 R$  14,40 
6	SERVIÇOS DE FORRO		
6.1	Fornecimento de forro modular Isovid 1250 x 62,5; 	m²	 R$  33,60 
6.2	Fornecimento de forro modular Isovid 1250(mm) x 625(mm) - antichamas com tela de projeção abaixo do forro (fio 2(mm) em malha 50(mm) na cor prata; 	m²	 R$  76,80 
6.3	Forro de gesso acartonado - Tipo Standard;	m²	 R$  36,00 
6.4	Forro de gesso acartonado - Tipo RF;	m²	 R$  36,00 
6.4	Forro de gesso acartonado - Tipo RF - Placa Dupla;	m²	 R$  77,18 
6.5	Jateamento em Laje interna ,spray de fibras de celulose tratadas agregadas com produtos químicos minerais, não tóxicos, não abrasivos, antifungo, repelente a insetos, e roedores, autoextinguível, formando uma camada monolítica de revestimento; 30 kg/m³ Cor : Branco/Preto Natura;	m²	 R$  153,72 
6.6	Sanca em gesso acartonado h=15cm;	ml	 R$  34,20 
6.7	Manta para forro (Acústica) - Densidade 64KGS/M3	m²	 R$  14,40 
6.8	Laje H8 para sala de Monitoramento com lançamento tela  20x20 e concreto incluso; 	m²	 R$  79,20 
6.9	Abertura de alçapões de forro com acabamento em perfil metálico;	und	 R$  43,20 
6.10	Forro modular de PVC;	m²	 R$  32,40 
6.11	Forro em lâminas de PVC;	m²	 R$  36,00 
6.12	Revestimento Acústico - linha SONIQUE CLEAN FIREPROOF 30CLN - marca VIBRASOM , cores preta e branca - placas 62,5 x 62,5 cm	m²	 R$  118,63 
7	REVESTIMENTOS DE PAREDE		
7.1	Fornecimento e instalação do revestimento cerâmico Eliane Forma Branco 33.5 x 60 cm, incluindo argamassas e insumos;	m²	 R$  60,00 
7.2	Fornecimento e instalação revestimento 10x20 cm - Metro bizotado brilhante black Eliane - cod.1371649, incluindo argamassas e insumos;	m²	 R$  60,00 
7.3	Fornecimento e instalação de revestimento em Pastilha Cerâmica Branca Strufaldi 10x10 (cm);	m²	 R$  72,00 
7.4	Fornecimento e instalação de revestimento Sensorial Forma WH Matte Portinari - Cod 60609 - 33,3x100;	m²	 R$  60,00 
7.5	Pastilha JA 2100 25x25mm / Branco Everest Acetinado / Jatobá;	m²	 R$  72,00 
7.6	Fornecimento e instalação de tijolo inglês Palimanan, incluindo argamassas e insumos;	m²	 R$  102,00 
7.7	Execução de chapisco e reboco de parede;	m²	 R$  36,00 
7.8	Cantoneira em alumínio para proteção de revestimentos cerâmicos.	ml	 R$  10,80 
7.9	Revestimento Acústico linha SONIQUE HEXAGONAL 20C - marca VIBRASOM nas  cores azul e cinza - PLACA 62,5cm x 54,4 cm	m²	 R$  112,20 
8	PINTURA		
8.1	Aplicação de Massa Corrida Acrílica em Paredes - Coral / Suvinil;	m²	 R$  7,80 
8.2	Aplicação de Massa Corrida PVA em Paredes - Coral / Suvinil;	m²	 R$  7,80 
8.3	Aplicação de Massa Corrida Acrílica em forro de gesso - Coral / Suvinil;	m²	 R$  9,72 
8.4	Pintura em Tinta Acrílica Acetinada - Branco Neve - Coral / Suvinil;	m²	 R$  13,20 
8.5	Pintura de parede em Tinta Acrílica na cor Cinza da Manhã - Suvinil;	m²	 R$  13,20 
8.6	Pintura de parede em Tinta Acrílica Fosca - Amarelo Pantone 109 C - Suvinil;	m²	 R$  21,60 
8.7	Pintura de parede em Tinta acrílica na cor Cinza Fechado - Suvinil;	m²	 R$  13,20 
8.8	Pintura com tinta Acrílica Acetinada| Cor: Azul Pantone 072C | Paredes;	m²	 R$  13,20 
8.9	Pintura Epoxi | Cor Cinza Chumbo | Escada Metálica;	m²	 R$  13,20 
8.10	Pintura de portas e batentes com esmalte cor branco neve - Suvinil;	m²	 R$  20,28 
8.11	Pintura de parede em Tinta Epóxi acabamento acetinado cor branco - Suvinil. 	m²	 R$  18,00 
9	VIDROS		
9.1	Espelho Retangular Cristal Lapidado reto colado na parede com dimensões de 90 x 50 cm sem moldura e espessura de 4 mm;	und	 R$  25,53 
9.2	Vidro temperado incolor 6mm - janela fixa em vidro | Perfil com pintura eletrostática;	m²	 R$  33,90 
9.3	Vidro temperado incolor 8mm - janela fixa em vidro | Perfil com pintura eletrostática;	m²	 R$  33,90 
9.5	Vidro temperado incolor 10mm - janela fixa em vidro | Perfil com pintura eletrostática;	m²	 R$  36,38 
9.6	Vidro laminado incolor 5+5mm - h=2,70m | Perfil com pintura eletrostática;	m²	 R$  36,38 
9.7	Película em vinil jateada Avery .	m²	 R$  21,60 
10	HIDRÁULICA		
10.1	ESGOTO		
10.1.1	TUBO PVC SOLDÁVEL Ø 40 MM, SÉRIE NORMAL PARA ESGOTO PREDIAL - MARCA: TIGRE | AMANCO;	 ml	 R$  9,10 
10.1.2	TUBO PVC SOLDÁVEL Ø 50 MM, SÉRIE NORMAL PARA ESGOTO PREDIAL - MARCA: TIGRE | AMANCO;	 ml	 R$  10,90 
10.1.3	TUBO PVC SOLDÁVEL Ø 75 MM, SÉRIE NORMAL PARA ESGOTO PREDIAL - MARCA: TIGRE | AMANCO;	 ml	 R$  18,62 
10.1.4	TUBO PVC SOLDÁVEL Ø 100 MM, SÉRIE NORMAL PARA ESGOTO PREDIAL - MARCA: TIGRE | AMANCO;	 ml	 R$  23,62 
10.1.5	JOELHO 90° SOLDÁVEL PVC Ø 40 MM, SÉRIE NORMAL PARA ESGOTO PREDIAL - MARCA: TIGRE | AMANCO;	 und	 R$  12,72 
10.1.6	JOELHO 90° SOLDÁVEL PVC Ø 50 MM, SÉRIE NORMAL PARA ESGOTO PREDIAL - MARCA: TIGRE | AMANCO;	 und	 R$  12,72 
10.1.7	JOELHO 90° SOLDÁVEL PVC Ø 75 MM, SÉRIE NORMAL PARA ESGOTO PREDIAL - MARCA: TIGRE | AMANCO;	 und	 R$  16,80 
10.1.8	JOELHO 90° SOLDÁVEL PVC Ø 100 MM, SÉRIE NORMAL PARA ESGOTO PREDIAL -MARCA: TIGRE | AMANCO;	 und	 R$  20,42 
10.1.9	JOELHO 45° SOLDÁVEL PVC Ø 40 MM, SÉRIE NORMAL PARA ESGOTO PREDIAL - MARCA: TIGRE | AMANCO;	 und	 R$  12,72 
10.1.10	JOELHO 45° SOLDÁVEL PVC Ø 50 MM, SÉRIE NORMAL PARA ESGOTO PREDIAL - MARCA: TIGRE | AMANCO;	 und	 R$  12,72 
10.1.11	JOELHO 45° SOLDÁVEL PVC Ø 75 MM, SÉRIE NORMAL PARA ESGOTO PREDIAL - MARCA: TIGRE | AMANCO;	 und	 R$  16,80 
10.1.12	JOELHO 45° SOLDÁVEL PVC Ø 100 MM, SÉRIE NORMAL PARA ESGOTO PREDIAL - MARCA: TIGRE | AMANCO;	 und	 R$  20,42 
10.1.13	TÊ 90° SOLDÁVEL PVC Ø 40 MM, SÉRIE NORMAL PARA ESGOTO PREDIAL - MARCA: TIGRE | AMANCO;	 und	 R$  13,61 
10.1.14	TÊ 90° SOLDÁVEL PVC Ø 50 MM, SÉRIE NORMAL PARA ESGOTO PREDIAL - MARCA: TIGRE | AMANCO;	 und	 R$  13,61 
10.1.15	TÊ 90° SOLDÁVEL PVC Ø 100 MM, SÉRIE NORMAL PARA ESGOTO PREDIAL - MARCA: TIGRE | AMANCO;	 und	 R$  24,96 
10.1.16	REDUÇÃO EXCÊNTRICA PVC PBV Ø 75 X 50 MM, SÉRIE NORMAL PARA ESGOTO PREDIAL - MARCA: TIGRE | AMANCO;	 und	 R$  16,34 
10.1.17	REDUÇÃO EXCÊNTRICA PVC PBV Ø 100 X 50 MM, SÉRIE NORMAL PARA ESGOTO PREDIAL - MARCA: TIGRE | AMANCO;	 und	 R$  18,14 
10.1.18	REDUÇÃO EXCÊNTRICA PVC PBV Ø 100 X 75 MM, SÉRIE NORMAL PARA ESGOTO PREDIAL - MARCA: TIGRE | AMANCO;	 und	 R$  20,42 
10.1.19	JUNÇÃO 45 DE REDUÇÃO SOLDÁVEL PVC Ø 75 X 50 MM, SÉRIE NORMAL PARA ESGOTO PREDIAL - MARCA: TIGRE | AMANCO;	 und	 R$  16,80 
10.1.20	JUNÇÃO 45 DE REDUÇÃO SOLDÁVEL PVC Ø 100 X 50 MM, SÉRIE NORMAL PARA ESGOTO PREDIAL - MARCA: TIGRE | AMANCO;	 und	 R$  20,86 
10.1.21	JUNÇÃO 45 DE REDUÇÃO SOLDÁVEL PVC Ø 100 X 75 MM, SÉRIE NORMAL PARA ESGOTO PREDIAL - MARCA: TIGRE | AMANCO;	 und	 R$  20,86 
10.1.22	JUNÇÃO 45 SIMPLES SOLDÁVEL PVC Ø 40 MM, SÉRIE NORMAL PARA ESGOTO PREDIAL - MARCA: TIGRE | AMANCO;	 und	 R$  8,18 
10.1.23	JUNÇÃO 45 SIMPLES SOLDÁVEL PVC Ø 50 MM, SÉRIE NORMAL PARA ESGOTO PREDIAL - MARCA: TIGRE | AMANCO;	 und	 R$  13,15 
10.1.24	JUNÇÃO 45 SIMPLES SOLDÁVEL PVC Ø 75 MM, SÉRIE NORMAL PARA ESGOTO PREDIAL - MARCA: TIGRE | AMANCO;	 und	 R$  16,80 
10.1.25	JUNÇÃO 45 SIMPLES SOLDÁVEL PVC Ø 100 MM, SÉRIE NORMAL PARA ESGOTO PREDIAL - MARCA: TIGRE | AMANCO.	 und	 R$  20,86 
10.2	ÁGUA FRIA		
10.2.1	TUBO PVC SOLDÁVEL MARROM Ø 25 MM PARA ÁGUA PREDIAL - MARCA: TIGRE | AMANCO;	ml	 R$  5,45 
10.2.2	TUBO PVC SOLDÁVEL MARROM Ø 32 MM PARA ÁGUA PREDIAL - MARCA: TIGRE | AMANCO;	ml	 R$  5,90 
10.2.3	TUBO PVC SOLDÁVEL MARROM Ø 40 MM PARA ÁGUA PREDIAL - MARCA: TIGRE | AMANCO;	ml	 R$  9,10 
10.2.4	JOELHO 90° SOLDÁVEL PVC MARROM Ø 25 MM PARA ÁGUA PREDIAL - MARCA: TIGRE | AMANCO;	und	 R$  8,18 
10.2.5	JOELHO 90° SOLDÁVEL PVC MARROM Ø 32 MM PARA ÁGUA PREDIAL - MARCA: TIGRE | AMANCO;	und	 R$  8,18 
10.2.6	JOELHO 90° SOLDÁVEL PVC MARROM Ø 40 MM PARA ÁGUA PREDIAL - MARCA: TIGRE | AMANCO;	und	 R$  12,72 
10.2.7	TÊ 90° SOLDÁVEL PVC MARROM Ø 25 MM PARA ÁGUA PREDIAL - MARCA: TIGRE | AMANCO;	und	 R$  8,62 
10.2.8	TÊ 90° SOLDÁVEL PVC MARROM Ø 32 MM PARA ÁGUA PREDIAL - MARCA: TIGRE | AMANCO;	und	 R$  8,62 
10.2.9	TÊ 90° SOLDÁVEL PVC MARROM Ø 40 MM PARA ÁGUA PREDIAL - MARCA: TIGRE | AMANCO;	und	 R$  13,61 
10.2.10	JOELHO 45° SOLDÁVEL PVC MARROM Ø 25 MM PARA ÁGUA PREDIAL - MARCA: TIGRE | AMANCO;	und	 R$  8,18 
10.2.11	TÊ DE REDUÇÃO SOLDÁVEL 40MM X 32MM - MARCA: TIGRE | AMANCO;	und	 R$  13,61 
10.2.12	TE 90 SOLDÁVEL MISTA 25 MM X 3/4 - MARCA: TIGRE | AMANCO;	und	 R$  9,10 
10.2.13	TÊ DE REDUÇÃO SOLDÁVEL 32MM X 25MM - MARCA: TIGRE | AMANCO;	und	 R$  8,62 
10.2.14	TÊ DE REDUÇÃO SOLDÁVEL 40MM X 25MM - MARCA: TIGRE | AMANCO;	und	 R$  13,61 
10.2.15	JOELHO 32MM X3/4 BUCHA LATÃO - MARCA: TIGRE | AMANCO;	und	 R$  8,18 
10.2.16	JOELHO 25MM X3/4 BUCHA LATÃO - MARCA: TIGRE | AMANCO;	und	 R$  8,18 
10.2.17	LUVA REDUÇÃO SOLDÁVEL PVC MARROM Ø 32/25 MM PARA ÁGUA PREDIAL - MARCA: TIGRE | AMANCO;	und	 R$  4,08 
10.2.18	LUVA REDUÇÃO SOLDÁVEL PVC MARROM Ø 40/32 MM PARA ÁGUA PREDIAL - MARCA: TIGRE | AMANCO.	und	 R$  6,34 
10.3	DIVERSOS		
10.3.1	Fornecimento e instalação de Caixa d'água Fortlev tipo tanque com capacidade para 1.000L, inclusive conexões e acessórios e conforme projeto;	 unid.	 R$  174,73 
10.3.2	Fornecimento e instalação de Caixa d'água Fortlev tipo tanque com capacidade para 3.000L, inclusive conexões e acessórios e conforme projeto;	 unid.	 R$  174,73 
10.3.3	Fornecimento e instalação de Caixa d'água Fortlev tipo tanque com capacidade para 5.000L, inclusive conexões e acessórios e conforme projeto;	 unid.	 R$  174,73 
10.3.4	Caixa de gordura sifonada da marca Tigre com capacidade de 10L;	 unid.	 R$  54,00 
10.3.5	Caixa de gordura sifonada da marca Tigre com capacidade de 18L;	 unid.	 R$  66,00 
10.3.6	Caixa de gordura sifonada da marca Tigre com capacidade de 30L;	 unid.	 R$  93,60 
10.3.7	Ralo sifonado modelo DN 100 - PVC da Tigre ou similar 1ª linha;	 und	 R$  10,21 
10.3.8	Registro de Pressão Marca: DECA;	 und	 R$  12,26 
10.3.9	Registro de gaveta 3/4" - marca DECA;	 und	 R$  12,26 
10.3.10	Registro de gaveta 1.1/2" - marca DECA.	 und	 R$  19,28 
11	LOUÇAS E METAIS		
11.1	LAVATORIOS, CUBAS E TANQUES		
11.1.1	Fornecimento e instalação de lavatório ravena/izy | cor: branco | marca: deca | cód. l.915.17 | coluna aspen branco | cor: branco | marca: deca | cód. c.10.17;	und	 R$  30,00 
11.1.2	Fornecimento e instalação de lavatório vogue plus | cor: branco | marca: deca - cód. l.51.17 | coluna suspensa vogue plus | cor: branco | marca: deca - cód. cs.1.17;	und	 R$  30,00 
11.1.3	Fornecimento e instalação de cuba de embutir redonda | cor: branco | marca: deca | cód. l.41.17;	und	 R$  30,00 
11.1.4	Fornecimento e instalação de cuba de embutir Tramontina em Inox | Lavínia 40BL 40 X 34CM | CÓD. 94081507;	und	 R$  30,00 
11.1.5	Fornecimento e instalação de tanque 40 litros com coluna | cor: branco - marca: deca - cód. tq.03.17 e ct.25.17;	und	 R$  30,00 
11.1.6	Sifão para lavatório corrugado - 1x1 1/2 - tubo de saída 30 cm DN 40 - cromado - Marca: ESTEVES - cód. VSM180CW8;	und	 R$  21,60 
11.1.7	Sifão para cozinha - Marca: Docol - Cod. 00661006;	und	 R$  21,60 
11.1.8	Sifão para tanque - Marca: Docol - Cod. 00660906.	und	 R$  21,60 
11.2	TORNEIRAS		
11.2.1	Fornecimento e instalação de torneira de mesa decamatic eco com fechamento automático para lavatório | marca: DECA | cód. 1173.C;	und	 R$  30,00 
11.2.2	Fornecimento e instalação de Torneira de mesa DECMATIC ECO - marca: DECA - cód : 1173 C CONF (banheiro PCD);	und	 R$  30,00 
11.2.3	Fornecimento e instalação de Torneira de mesa para cozinha flex - marca: DECA - cód: 1167 C20 CLM;	und	 R$  30,00 
11.2.4	Fornecimento e instalação de Torneira de parede Jardim e Tanque com adaptador de mangueira flex- marca: DECA - cód : 1153 C20;	und	 R$  30,00 
11.3	BACIAS E ASSENTOS		
11.3.1	Fornecimento e instalação de bacia para caixa acoplada linha Ravena | cor: branco | marca: deca | cód. p.909.17 | caixa acoplada para bacia Ravena com acionamento duo | cor: branco | marca: deca | cód. cd.00f.17;	und	 R$  30,00 
11.3.2	Fornecimento e instalação de Bacia com caixa acoplada - modelo Vogue Plus - linha Conforto sem abertura frontal na cor: branco gelo - marca DECA - cod: P510.17;	und	 R$  30,00 
11.3.3	Assento linha Vogue Plus em poliéster com protekto - cód AP 51.17. Marca: Deca;	und	 R$  12,00 
11.3.4	Assento linha IZY Conforto / Ravena - cor : branco - cód AP 01.17. Marca: Deca;	und	 R$  12,00 
11.3.5	Mictório individual - cód M7.15.17. Marca: Deca;	und	 R$  410,31 
11.4	CHUVEIROS E ACESSORIOS		
11.4.1	Fornecimento e instalação de ducha elétrica - Jet 4 | Lorenzetti;	und	 R$  30,00 
11.4.2	Cabideiro - modelo NET - cód. 2060.001;	und	 R$  12,00 
11.4.3	Acessórios FLEX - prateleira de vidro - cod.: 2030.C.FLX;	und	 R$  12,00 
11.5	BARRAS DE APOIO EM ATENDIMENTO A NBR 9050		
11.5.1	Fornecimento e instalação de barra de apoio curva para lavatório PNE - em aço polido. Marca: Docol;	und	 R$  30,00 
11.5.2	Fornecimento e instalação de barra de apoio PNE 40 cm - em aço polido. Marca: Docol;	und	 R$  30,00 
11.5.3	Fornecimento e instalação de barra de apoio PNE 80 cm - em aço polido. Marca: Docol	und	 R$  30,00 
11.5.4	Fornecimento e instalação de barra de apoio PNE 70 cm - em aço polido. Marca: Docol.	und	 R$  30,00 
11.6	DIVERSOS		
11.6.1	Grelha em inox com sistema abre e fecha da Tigre ou similar 1ª linha;	und	 R$  12,00 
11.6.2	Acabamento mod. Flex - Marca DECA - cód 4916 C20 PQ verificar em projeto especifico;	und	 R$  12,00 
11.6.3	Acabamento para registro 3/4" - Marca DECA - CÓD.: 4916.C20.PQ;	und	 R$  12,00 
11.6.4	Acabamento para registro 1.1/2" - Marca DECA - CÓD.: 4916.C20.PQ.	und	 R$  12,00 
12	ELÉTRICA ver projeto específico		
12.1	QUADROS		
12.1.1	Quadro QGBT - Monofásico, de acordo com o projeto do respectivo quadro, em atendimento à NR10;	circ.	 R$  384,15 
12.1.2	Quadro QGBT - Bifásico, de acordo com o projeto do respectivo quadro, em atendimento à NR10;	circ.	 R$  546,69 
12.1.3	Quadro QGBT - Trifásico, de acordo com o projeto do respectivo quadro, em atendimento à NR10;	circ.	 R$  647,49 
12.1.4	Quadro QDFL - Monofásico, de acordo com o projeto do respectivo quadro, em atendimento à NR10;	circ.	 R$  1.415,96 
12.1.5	Quadro QDFL - Bifásico, de acordo com o projeto do respectivo quadro, em atendimento à NR10;	circ.	 R$  1.586,94 
12.1.6	Quadro QDFL - Trifásico, de acordo com o projeto do respectivo quadro, em atendimento à NR10;	circ.	 R$  1.928,91 
12.1.7	Quadro QDAC - Monofásico, de acordo com o projeto do respectivo quadro, em atendimento à NR10;	circ.	 R$  1.012,89 
12.1.8	Quadro QDAC - Bifásico, de acordo com o projeto do respectivo quadro, em atendimento à NR10;	circ.	 R$  1.126,29 
12.1.9	Quadro QDAC - Trifásico, de acordo com o projeto do respectivo quadro, em atendimento à NR10;	circ.	 R$  1.353,09 
12.1.10	Adequação de quadro elétrico existente para atendimento ao novo layout considerando troca de (disjuntores, barramentos, acessórios e cabeamento de alimentação caso necessário).	und	 R$  2.526,78 
12.1.11	QDLF-ADM - Monofásico, de acordo com o projeto do respectivo quadro, em atendimento à NR10;	und	 R$  2.840,85 
12.1.12	QDLF-ADM - Bifásico, de acordo com o projeto do respectivo quadro, em atendimento à NR10;	und	 R$  3.155,54 
12.1.13	QDLF-ADM - Trifásico, de acordo com o projeto do respectivo quadro, em atendimento à NR10;	und	 R$  3.470,81 
12.1.14	QDLF-VEST - Monofásico, de acordo com o projeto do respectivo quadro, em atendimento à NR10;	und	 R$  3.041,74 
12.1.15	QDLF-VEST - Bifásico, de acordo com o projeto do respectivo quadro, em atendimento à NR10;	und	 R$  3.155,54 
12.1.16	QDLF-VEST - Trifásico, de acordo com o projeto do respectivo quadro, em atendimento à NR10;	und	 R$  3.491,55 
12.1.17	QFAC-ADM - Monofásico, de acordo com o projeto do respectivo quadro, em atendimento à NR10;	und	 R$  2.882,88 
12.1.18	QFAC-ADM - Bifásico, de acordo com o projeto do respectivo quadro, em atendimento à NR10;	und	 R$  2.993,23 
12.1.19	QFAC-ADM - Trifásico, de acordo com o projeto do respectivo quadro, em atendimento à NR10;	und	 R$  3.023,33 
12.1.20	QDLF-ADM-GER	und	 R$  2.317,06 
12.1.21	QD-M48, QD-M49 E QD-M50	und	 R$  720,70 
12.2	ELETRODUTOS, DUTOS, CANALETAS E CONEXÕES		
12.2.1	Eletroduto de PVC Flexível - Linha Preta - PVC Rígido, ø(3/4"). Marca: Tigre | Tramontina;	ml	 R$  4,55 
12.2.2	Eletroduto de PVC Flexível - Linha Preta - PVC Rígido, ø(1"). Marca: Tigre | Tramontina;	ml	 R$  4,55 
12.2.3	Eletroduto de PVC Flexível - Linha Preta - PVC Rígido, ø(1 1/2"). Marca: Tigre | Tramontina;	ml	 R$  6,80 
12.2.4	Eletroduto de PVC Flexível - Linha Preta - PVC Rígido, ø(2"). Marca: Tigre | Tramontina;	ml	 R$  6,80 
12.2.5	Eletroduto de PVC Flexível - Linha Preta - PVC Rígido, ø(3"). Marca: Tigre | Tramontina;	ml	 R$  9,07 
12.2.6	Eletroduto de aço carbono com costura galvanizado eletrolítico, inclusive conexões, ø 20 mm (3/4");	ml	 R$  11,35 
12.2.7	Eletroduto de aço carbono com costura galvanizado eletrolítico, inclusive conexões, ø 25 mm (1"); 	ml	 R$  11,34 
12.2.8	Eletroduto de aço carbono com costura galvanizado eletrolítico, inclusive conexões, ø 40 mm (1.1/2");	ml	 R$  17,02 
12.2.9	Eletroduto de aço carbono com costura galvanizado eletrolítico, inclusive conexões, ø 50 mm (2");	ml	 R$  17,02 
12.2.10	Eletroduto de aço carbono com costura galvanizado eletrolítico, inclusive conexões, ø 60 mm (2 1/2");	ml	 R$  22,69 
12.2.11	Eletroduto de aço carbono com costura galvanizado eletrolítico, inclusive conexões, ø 75 mm (3");	ml	 R$  22,69 
12.2.12	Eletroduto de aço carbono com costura galvanizado eletrolítico, inclusive conexões, ø 100 mm (4");	ml	 R$  22,69 
12.2.13	Curva de aço carbono com costura galvanizado eletrolítico, inclusive conexões, ø 20 mm (3/4");	und	 R$  3,18 
12.2.14	Curva de aço carbono com costura galvanizado eletrolítico, inclusive conexões, ø 25 mm (1");	und	 R$  3,18 
12.2.15	Curva de aço carbono com costura galvanizado eletrolítico, inclusive conexões, ø 40 mm (1.1/2");	und	 R$  4,76 
12.2.16	Curva de aço carbono com costura galvanizado eletrolítico, inclusive conexões, ø 50 mm (2");	und	 R$  4,76 
12.2.17	Curva de aço carbono com costura galvanizado eletrolítico, inclusive conexões, ø 60 mm (2 1/2");	und	 R$  3,18 
12.2.18	Curva de aço carbono com costura galvanizado eletrolítico, inclusive conexões, ø 75 mm (3");	und	 R$  3,18 
12.2.19	Curva de aço carbono com costura galvanizado eletrolítico, inclusive conexões, ø 100 mm (4");	und	 R$  6,35 
12.2.20	Eletroduto flexível (tipo sealtubo) em aço zincado expiralado com cobertura em pvc - ø 2";	ml	 R$  4,76 
12.2.21	Eletroduto flexível (tipo sealtubo) em aço zincado expiralado sem cobertura em pvc - ø 1";	ml	 R$  3,18 
12.2.22	Eletroduto flexível (tipo sealtubo) sem cobertura em pvc - ø 3/4";	ml	 R$  3,18 
12.2.23	Eletrodutos ferro galvanizado;	ml	 R$  3,18 
12.2.24	Condulete Universal ø 3/4"; 	und	 R$  15,89 
12.2.25	Condulete Universal ø 1"; 	und	 R$  15,89 
12.2.26	Condulete Universal ø 1.1/2";	und	 R$  15,89 
12.2.27	Condulete Universal ø 2";	und	 R$  15,89 
12.2.28	Condulete Universal ø 2.1/2";	und	 R$  15,89 
12.2.29	Condulete Universal ø 3";	und	 R$  15,89 
12.2.30	Eletrocalha em chapa de aço lisa (c/ tampa)100x50mm.  - Inclui acessórios, fixações e suportes;	ml	 R$  10,21 
12.2.31	Eletrocalha galvanizado 100x50 com tampa de encaixe, dobras de reforço na laterais - Inclui acessórios, fixações e suportes;	ml	 R$  12,26 
12.2.32	Eletrocalha galvanizado 50x50 com tampa de encaixe, dobras de reforço na laterais - Inclui acessórios, fixações e suportes;	ml	 R$  12,26 
12.2.33	Saída Eletrocalha para Eletroduto;	und	 R$  3,18 
12.2.34	Prensa cabo;	und	 R$  3,48 
12.2.35	Perfilado Perfurado em chapa de aço com tampa, dimensões 38 x 38 mm.  Inclui acessórios, fixações e suportes;	ml	 R$  12,26 
12.2.36	Caixa de embutir para tomadas e interruptores com espelhos;	und	 R$  6,96 
12.2.37	Caixa de luz PVC 4x4" - Dry Wall;	und	 R$  18,00 
12.2.38	Caixa de luz PVC 4x2" - Dry Wall;	und	 R$  18,00 
12.2.39	Caixa de luz Estampada em Chapa 4x4";	und	 R$  6,96 
12.2.40	Caixa de luz Estampada em Chapa 2x4";	und	 R$  6,96 
12.2.41	Caixa de luz Estampada em Chapa 4x4" - Piso;	und	 R$  18,96 
12.2.42	Caixa de luz Estampada em Chapa 2x4"  - Piso;	und	 R$  18,96 
12.2.43	Caixa de tomadas para mesas e estações de tomadas;	und	 R$  18,96 
12.2.44	Caixa de passagem 10x10mm de embutir - Tigre;	und	 R$  9,07 
12.2.45	Caixa de passagem 15x15mm de embutir - Tigre;	und	 R$  9,07 
12.2.46	Caixa de passagem 20x20mm de piso área externa - Tigre;	und	 R$  78,00 
12.2.47	Caixa de passagem 30x30mm de piso área externa - Tigre;	und	 R$  84,00 
12.3	CONDUTORES ELÉTRICOS DE ENERGIA		
12.3.1	Cabo isolado em EPR não halogenado, seção 10,00 mm² - 0,6/1 KV - 90°C - flexível. Marca: Sil | Prysmian | Ficap; 	ml	 R$  3,18 
12.3.2	Cabo isolado em EPR não halogenado, seção 16,00 mm² - 0,6/1 KV - 90°C - flexível Marca: Sil | Prysmian | Ficap;	ml	 R$  3,62 
12.3.3	Cabo isolado em EPR não halogenado, seção 25,00 mm² - 0,6/1 KV - 90°C - flexível Marca: Sil | Prysmian | Ficap;	ml	 R$  3,85 
12.3.4	Cabo isolado em EPR não halogenado, seção 35,00 mm² - 0,6/1 KV - 90°C - flexível Marca: Sil | Prysmian | Ficap;	ml	 R$  4,76 
12.3.5	Cabo isolado em EPR não halogenado, seção 50,00 mm² - 0,6/1 KV - 90°C - flexível Marca: Sil | Prysmian | Ficap; 	ml	 R$  7,03 
12.3.6	Cabo isolado em EPR não halogenado, seção 70,00 mm² - 0,6/1 KV - 90°C - flexível Marca: Sil | Prysmian | Ficap; 	ml	 R$  7,72 
12.3.7	Cabo isolado em EPR não halogenado, seção 95,00 mm² - 0,6/1 KV - 90°C - flexível Marca: Sil | Prysmian | Ficap ;	ml	 R$  8,16 
12.3.8	Cabo isolado em termoplástico não halogenado, seção 2,50 mm² - 450/750 V - 70°C - flexível Marca: Sil | Prysmian | Ficap; 	ml	 R$  2,50 
12.3.9	Cabo isolado em termoplástico não halogenado, seção 4,00 mm² - 450/750 V - 70°C - flexível Marca: Sil | Prysmian | Ficap;	ml	 R$  2,72 
12.3.10	Cabo isolado em termoplástico não halogenado, seção 6,00 mm² - 450/750 V - 70°C - flexível Marca: Sil | Prysmian | Ficap;	ml	 R$  2,95 
12.3.11	Cabo isolado em termoplástico não halogenado, seção 10,00 mm² - 450/750 V - 70°C - flexível Marca: Sil | Prysmian | Ficap;	ml	 R$  3,18 
12.3.13	Cabo de cobre PP - 3x2,5 mm2. Marca: Sil | Prysmian | Ficap;	ml	 R$  5,40 
12.3.14	Caixa de passagem em chapa de aço com tampa parafusada, dimensões 200 x 200 x 122 mm; 	und	 R$  28,37 
12.3.15	Caixa de passagem em chapa de aço com tampa parafusada, dimensões 400 x 400 x 200 mm.	und	 R$  45,38 
12.4	CABOS E CONECTORES - VOZ E DADOS		
12.4.1	Fornecimento e instalação de cabo HDMI - 3 ml;	und	 R$  36,00 
12.4.2	Fornecimento e instalação de cabo HDMI - 5 ml;	und	 R$  60,00 
12.4.3	Fornecimento e instalação de cabo HDMI - 10 ml;	und	 R$  120,00 
12.4.4	Fornecimento e instalação de cabo HDMI - 20 ml.	und	 R$  240,00 
12.5	INTERRUPTORES E TOMADAS		
12.5.1	Interruptor, uma tecla simples 10 A - 250 V, incluindo espelho. Marca: Pial Plus;	und	 R$  4,76 
12.5.2	Tomada dois polos mais terra 10 A - 250 V, incluindo espelho. Marca: Pial Plus;	und	 R$  4,76 
12.5.3	Tomada dois polos mais terra 20 A - 250 V, incluindo espelho. Marca: Pial Plus; 	und	 R$  6,58 
12.5.4	Tomada de piso espelho 4x4 com 2 tomadas 10A - 250V, incluindo espelho. Marca: Pial Plus;	und	 R$  18,00 
12.5.5	Tomada Tipo STECK;	und	 R$  9,60 
12.5.6	Modulo de tomada Fêmea Painel Embutir 2P+T 10 Amperes. Marca: Margirius;	und	 R$  10,80 
12.5.7	Alarme audiovisual wireless (sem fio) - sistema constituído por sirene de sonorização intermitente e strobe ligh - fornecedor: Mil Assentos ou Similar.	und	 R$  102,00 
12.6	LUMINÁRIAS		
12.6.1	Luminárias retangulares de embutir (1,25x0,30m) - Aletadas - Marca LUMICENTER - T8 para 2 lâmpadas tubulares de LED 10 W cada;	und	 R$  74,40 
12.6.2	Luminárias retangulares de sobrepor (1,25x0,30m) - Aletadas - Marca LUMICENTER - T8 para 2 lâmpadas tubulares de LED 10 W cada;	und	 R$  74,40 
12.6.3	Luminárias retangulares de embutir (0,617x0,20m) - Aletadas - Marca LUMICENTER - T8 para 2 lâmpadas tubulares de LED 10 W cada;	und	 R$  86,70 
12.6.4	Luminárias retangulares de sobrepor (0,617x0,20m) - Aletadas - Marca LUMICENTER - T8 para 2 lâmpadas tubulares de LED 10 W cada;	und	 R$  84,39 
12.6.5	Trilho eletrificável de sobrepor + conexões - Acabamento na cor preta frosco - Ref.: Ômega Light;	ml	 R$  28,80 
12.6.6	Stop com adaptador para trilho eletrificado, com acabamento na cor preto fosco para 1 lâmpada Led 1100LM 55º - Ref.: PI_5311) - Ref.: Ômega Light;	und	 R$  42,00 
12.6.7	Luminária pendente Candéa | Cor preta | Fornecedor Itaim Lighting Concept | Cor preta | Verificar necessidade de adaptador para | Fixação em perfilado;	und	 R$  42,00 
12.6.8	Pontos de Luminária (Plugs e Terminais);	pto	 R$  18,00 
12.6.9	Fornecimento e instalação de painéis de Led Slim de embutir | LHT44 Lumicenter 4000K (Cozinha).	und	 R$  180,00 
13	AR-CONDICIONADO e EXAUSTÃO-  verificar projeto específico		
13.1	GERAL		
13.1.1	Split - 9.000 Btu/h, considerar equipamentos inverter's - Frio - MÍDEA / CARRIER;	und	 R$  420,00 
13.1.2	Split - 12.000 Btu/h, considerar equipamentos inverter's - Frio - MÍDEA / CARRIER;	 und	 R$  420,00 
13.1.3	Split - 18.000 Btu/h, considerar equipamentos inverter's - Frio - MÍDEA / CARRIER;	 und	 R$  420,00 
13.1.4	Split - 22.000 Btu/h, considerar equipamentos inverter's - Frio - MÍDEA / CARRIER;	 und	 R$  480,00 
13.1.5	Split - 24.000 Btu/h, considerar equipamentos inverter's - Frio - MÍDEA / CARRIER;	 und	 R$  480,00 
13.1.6	Split - 31.000 Btu/h, considerar equipamentos inverter's - Frio - MÍDEA / CARRIER;	 und	 R$  540,00 
13.1.7	Split - 36.000 Btu/h, considerar equipamentos inverter's - Frio - MÍDEA / CARRIER;	 und	 R$  600,00 
13.1.8	Split - 48.000 Btu/h, considerar equipamentos inverter's - Frio - MÍDEA / CARRIER;	 und	 R$  1.056,00 
13.1.9	Split - 9.000 Btu/h, considerar equipamentos inverter's - Quente | Frio (Para região Sul)  - MÍDEA / CARRIER;	 und	 R$  420,00 
13.1.10	Split - 12.000 Btu/h, considerar equipamentos inverter's - Quente | Frio (Para região Sul) - MÍDEA / CARRIER;	 und	 R$  420,00 
13.1.11	Split - 18.000 Btu/h, considerar equipamentos inverter's - Quente | Frio (Para região Sul) - MÍDEA / CARRIER;	 und	 R$  420,00 
13.1.12	Split - 22.000 Btu/h, considerar equipamentos inverter's - Quente | Frio (Para região Sul) - MÍDEA / CARRIER;	 und	 R$  480,00 
13.1.13	Split - 24.000 Btu/h, considerar equipamentos inverter's - Quente | Frio (Para região Sul) - MÍDEA / CARRIER;	 und	 R$  480,00 
13.1.14	Split - 31.000 Btu/h, considerar equipamentos inverter's - Quente | Frio (Para região Sul) - MÍDEA / CARRIER;	 und	 R$  540,00 
13.1.15	Split - 36.000 Btu/h, considerar equipamentos inverter's - Quente | Frio (Para região Sul) - MÍDEA / CARRIER;	 und	 R$  600,00 
13.1.16	Split - 48.000 Btu/h, considerar equipamentos inverter's - Quente | Frio (Para região Sul) - MÍDEA / CARRIER;	 und	 R$  900,00 
13.1.17	Split Hi Wall VRF - 9.000 Btu/h - LG, Carrier ou Daikin;	 und	 R$  780,00 
13.1.18	Split Hi Wall VRF - 12.000 Btu/h - LG, Carrier ou Daikin;	 und	 R$  780,00 
13.1.19	Split Hi Wall VRF - 18.000 Btu/h - LG, Carrier ou Daikin;	 und	 R$  780,00 
13.1.20	Split Hi Wall VRF - 24.000 Btu/h - LG, Carrier ou Daikin;	 und	 R$  1.020,00 
13.1.21	Split Hi Wall VRF - 30.000 Btu/h - LG, Carrier ou Daikin;	 und	 R$  1.020,00 
13.1.22	Split Hi Wall Inverter - 18.000 Btu/h - LG, Carrier ou Daikin;	 und	 R$  420,00 
13.1.23	Split Hi Wall Inverter - 36.000 Btu/h - LG, Carrier ou Daikin;	 und	 R$  600,00 
13.1.24	Split Built in Inverter - 18.000 Btu/h - LG, Carrier ou Daikin;	 und	 R$  420,00 
13.1.25	Split Cassete Inverter - 18.000 Btu/h - LG, Carrier ou Daikin;	 und	 R$  420,00 
13.1.26	Split Cassete Inverter - 48.000 Btu/h - LG, Carrier ou Daikin;	 und	 R$  900,00 
13.1.27	Condensadora VRF 34HP - LG, Carrier ou Daikin (1x12HP + 1x22HP);	 und	 R$  14.280,00 
13.1.28	Condensadora VRF 46HP - LG, Carrier ou Daikin (1x30HP + 1x16HP);	 und	 R$  19.320,00 
13.1.29	Condensadora VRF 60HP - LG, Carrier ou Daikin (2x30HP);	 und	 R$  25.200,00 
13.1.30	Ventilador GABINETE DE VENTILAÇÃO SIROCCO CENTRIFICO - MONITRON - Ventbox CVI  220V;	 und	 R$  420,00 
13.1.31	Ventilador GABINETE DE VENTILAÇÃO SIROCCO CENTRIFICO - BERLINER LUFT - BBT 160  220V;	 und	 R$  420,00 
13.1.32	EXAUSTORES VENTOKIT - MURO150B - MULTIVAC -  220V;	 und	 R$  210,00 
13.1.33	EXAUSTORES VENTOKIT - MURO100T - MULTIVAC -  220V; 	 und	 R$  210,00 
13.1.34	EXAUSTORES - IN LINE - TURBO125 - MULTIVAC - 220V;  	 und	 R$  252,00 
13.1.35	EXAUSTORES - IN LINE - TURBO200 - MULTIVAC - 220V.  	 und	 R$  252,00 
13.2	GRELHAS (Especificações conforme projeto)		
13.2.1	Fornecimento e instalação de grelha para retorno, exaustão e insuflação de ar, em alumínio anodizado, com registro 225x165mm - DE SIMPLES DEFLEXÃO MODELO AR VAT-DG;	 und	 R$  24,00 
13.2.2	Fornecimento e instalação de grelha para retorno, exaustão e insuflação de ar, em alumínio anodizado, com registro 325x225mm - DE DUPLA DEFLEXÃO MOD. VAT-DG;	 und	 R$  24,00 
13.2.3	Fornecimento e instalação de veneziana com tela, para admissão ou descarga de ar, em alumínio anodizado, 700x300mm- MODELO AWK;	 und	 R$  24,00 
13.2.4	Fornecimento e instalação de veneziana com tela, para admissão ou descarga de ar, em alumínio anodizado, 200x150mm- MODELO AWK;	 und	 R$  24,00 
13.2.5	Fornecimento e instalação de veneziana com tela, para admissão ou descarga de ar, em alumínio anodizado, 150x150mm- MODELO AWK;	 und	 R$  24,00 
13.2.6	Fornecimento e instalação de veneziana com tela, para admissão ou descarga de ar, em alumínio anodizado, 300x250mm- MODELO AWK;	 und	 R$  24,00 
13.2.7	Fornecimento e instalação de grelha de porta com aletas fixas 225x125mm;	 und	 R$  24,00 
13.2.8	Fornecimento e instalação de damper de regulagem de vazão 200x250mm, MOD. RL-B;	 und	 R$  24,00 
13.2.9	Fornecimento e instalação de damper de regulagem de vazão 300x250mm, MOD. RL-B.	 und	 R$  24,00 
13.3	DUTOS - NOTA: Inclusos nos itens acessórios de montagem (cantos de TDC, perfis, parafusos, borrachas para emenda, etc.).		
13.3.1	Duto em chapa de Aço Galvanizado #26;	 kg	 R$  15,00 
13.3.2	Duto em chapa de Aço Galvanizado #24;	 kg	 R$  15,00 
13.3.3	Duto em chapa MPU;	 m²	 R$  25,20 
13.3.4	TUBO PVC Ø100. Marca: Tigre | Amanco;	 ml	 R$  15,00 
13.3.5	TUBO PVC Ø150. Marca: Tigre | Amanco.	 ml	 R$  15,00 
13.4	REDE FRIGORÍGENAS		
13.4.1	Tubulação de cobre Ø 3/4", isolada com espuma elastomérica AF/Armaflex. Inclusive acessórios para fixação;	 ml	 R$  114,00 
13.4.2	Tubulação de cobre Ø1/2", isolada com espuma elastomérica AF/Armaflex. Inclusive acessórios para fixação;	 ml	 R$  114,00 
13.4.3	Tubulação de cobre Ø1", isolada com espuma elastomérica AF/Armaflex. Inclusive acessórios para fixação;	 ml	 R$  104,45 
13.4.4	Tubulação de cobre Ø1.1/8", isolada com espuma elastomérica AF/Armaflex. Inclusive acessórios para fixação;	 ml	 R$  109,68 
13.4.5	Tubulação de cobre Ø5/8", isolada com espuma elastomérica AF/Armaflex. Inclusive acessórios para fixação;	 ml	 R$  96,00 
13.4.6	Tubulação de cobre Ø3/8", isolada com espuma elastomérica AF/Armaflex. Inclusive acessórios para fixação;	 ml	 R$  96,00 
13.4.7	Tubulação de cobre Ø1/4", isolada com espuma elastomérica AF/Armaflex. Inclusive acessórios para fixação.	 ml	 R$  96,00 
13.5	FIXAÇÕES 		
13.5.1	Mão francesa para fixação das condensadoras;	 cj	 R$  18,00 
13.5.2	Fluído refrigerante R-410.	und	 R$  180,00 
13.5.3	Bandeja para Dreno Ar Condicionado	und	 R$  141,00 
14	EQUIPAMENTOS DE COMBATE À INCÊNDIO		
14.1	SINALIZAÇÃO		
14.1.1	Placa de sinalização indicando a orientação de fuga e saída, conforme NBR 13434 - 2: 2004;	und	 R$  6,60 
14.1.2	Placa de sinalização indicando o local de instalação de extintores, hidrantes e alarmes de incêndio instalada na parede a 1,80 cm do piso - conforme NBR 13434 - 2: 2004;	und	 R$  6,60 
14.1.3	Luminária de emergência de aclaramento tipo plafon - Intelbras;	und	 R$  6,60 
14.1.4	Luminária de emergência de aclaramento com indicação de balizamento - Intelbras.	und	 R$  6,60 
14.2	EXTINTORES		
14.2.1	Extintor de água pressurizada, capacidade 10 litros;	und	 R$  18,60 
14.2.2	Extintor de incêndio pó químico 6 kg bc;	und	 R$  18,60 
14.2.3	Extintor de incêndio pó químico 6 kg 20-bc;	und	 R$  18,60 
14.2.4	Extintor de incêndio pó químico 6 kg abc;	und	 R$  18,60 
14.2.5	Extintor de gás carbônico 6 kg;	und	 R$  18,60 
14.2.7	Sprinklers - bico pendende UP Right canopla cromada - tipo Quick response 68º - SEM TUBULAÇÃO E CONEXÕES;	und	 R$  18,60 
14.2.8	Suporte de extintor tripé bicromatizado.	und	 R$  18,60 
14.3	SISTEMA DE DETECÇÃO		
14.3.1	Detector de Fumaça endereçável - ASCAEL;	und	 R$  42,00 
14.3.2	Central de Alarme;	und	 R$  1.080,00 
14.3.3	Adequação Central de Alarme existente - SEM PROJETO ESPECIFICO PARA ADEQUAÇÃO.	vb	 R$  6.246,00 
14.3.4	Cabo blindado 1,5 mm - Central de Incêndio. Marca: Induscabos;	ml	 R$  6,86 
14.4	TUBULAÇÃO		
14.4.1	Tubulação de aço carbono para sprinklers Ø 25mm, incluindo conexões	ml	 R$  80,26 
14.4.2	Tubulação de aço carbono para sprinklers Ø 32mm, incluindo conexões	ml	 R$  102,17 
14.4.3	Tubulação de aço carbono para sprinklers Ø 40mm, incluindo conexões	ml	 R$  122,30 
14.4.4	Tubulação de aço carbono para sprinklers Ø 50mm, incluindo conexões	ml	 R$  142,47 
14.4.5	Remanejamento de sprinklers	und	 R$  272,05 
14.4.6	Bico de sprinkler 68ºC, ampola vermelha 1/2"	und	 R$  47,29 
15	BANCADAS (MARCENARIA + GRANITO)		
15.1 	GRANITO		
15.1.1	Bancada de Granito Branco: Siena. Inclusive frontão h=10cm e saia h=5cm e abertura para cuba;	m²	 R$  252,00 
15.1.2	Bancada de Granito Branco: Viena. Inclusive frontão h=10cm e saia h=5cm e abertura para cuba;	m²	 R$  252,00 
15.1.3	Bancada de Granito Branco: Marfim. Inclusive frontão h=10cm e saia h=5cm e abertura para cuba;	m²	 R$  252,00 
15.1.4	Bancada de Granito Branco: Polar. Inclusive frontão h=10cm e saia h=5cm e abertura para cuba.	m²	 R$  252,00 
16	EQUIPAMENTOS E MOBILIARIOS		
16.1	Refrigerador com capacidade de 406 litros - Voltagem 110/220 V com expositor de Vidro - Modelo VB 40 - Cor branco - Marca: Metalfrio;	und	 R$  24,00 
16.2	Mini refrigerador - Metafórico. Marca: MetalFrio. Modelo VB11. Capacidade: 97L;	und	 R$  18,00 
16.3	Frigobar Brastemp Retrô 76 litros Amarelo - BRA08BY;	und	 R$  18,00 
16.4	Forno de micro-ondas. Marca: Electrolux. Modelo: MI41S. Cor: Inox espelhado. Capacidade: 31L;	und	 R$  18,00 
16.5	Floreira em Poliuretano, incluindo planta: Espada de São Jorge;	und	 R$  54,00 
16.6	Mesa De Pebolim Com Ferro Embutido, estrutura reforçada e Niveladores emborrachados para os pés. - Klopf Elite 1080 ou similar;	und	 R$  216,00 
16.7	Estante de madeira pinus para livros - Tramontina Modulare 5 prateleiras 60 x 30 Cód. 91620018;	und	 R$  66,00 
16.8	Prateleira de aço comum 90x40 - Pandin;	und	 R$  144,00 
16.9	"Bancada de Apoio Lactário de 0,90m - Móvel com acabamento laminado melamínico BP 18mm Branco. 
DE ALTURA E SAIA DE 5cm;"	und	 R$  102,00 
16.10	Bancada de Apoio Refeitório de 3,00m - Móvel com acabamento laminado melamínico BP 18mm Branco;	und	 R$  216,00 
16.11	Bancada de Apoio Copa de 2,20m - Móvel com acabamento laminado melamínico BP 18mm Branco. 	und	 R$  144,00 
16.12	Plataforma elevatória para PCD, inclusive equipamentos e acessórios, equipada com avisador sonoro do pavimento, torre de enclausuramento com acabamento metálico. Plataforma que atenda às normas vigentes de acessibilidade e qualidade. 	und	 R$  15.938,16 
16.13	Elevador CAPACIDADE - 400kg / 5 pessoas VELOCIDADE - até 21 m/min PERCURSO - 5 pavimentos / 12 metros NORMAS -  NBR 12892: 2022. Modelo de referência M5 (Montele) - Sem poço, com abertura de porta de 90 cm	und	 R$  26.244,00 
16.14	Elevador CAPACIDADE - 600kg / 8 pessoas VELOCIDADE - até 21 m/min PERCURSO - 5 pavimentos / 12 metros NORMAS -  NBR 12892: 2022. Modelo de referência M8 (Montele) - Sem poço, com abertura de porta de 90 cm	und	 R$  30.384,00 
16.15	Torre metálica para instalação de elevadores. Modelo de referência M5 (Montele)	und	 R$  11.935,66 
16.16	Torre metálica para instalação de elevadores. Modelo de referência M8 (Montele)	und	 R$  15.983,50 
17	SERRALHERIA - Observação: Incluindo pintura conforme indicado em projeto. 		
17.1	Estrutura metálica auxiliar para sustentação de forro, iluminação e infraestruturas, INCLUSIVE DESCOMPRESSÃO. - Dimensionamento à cargo da proponente, garantindo o atendimento à demanda. Apresentar projeto, memória de cálculo e ART;	m²	 R$  22,44 
17.2	Plataforma metálica com tela e guarda corpo para apoio de condensadoras + escada marinheiro de acesso atendendo normas vigentes. - Dimensionamento à cargo da proponente, garantindo o atendimento à demanda. Apresentar projeto, memória de cálculo e ART;	m²	 R$  46,80 
17.3	Escada metálica de acesso ao mezanino, inclusive guarda-corpo conforme norma vigente - Dimensionamento à cargo da proponente, garantindo o atendimento à demanda. Apresentar projeto, memória de cálculo e ART;	m²	 R$  46,80 
17.4	Fornecimento e instalação Guarda-corpo metálico tubular conforme projeto;	ml	 R$  309,60 
17.5	Fornecimento e instalação Guard-rail metálico;	ml	 R$  480,00 
17.6	Fornecimento e instalação de Gradil (considerar portões e vãos livres de acesso); Descrição: Gradil Vision 3D malha 50 x 200 mm com colunas 60 x 40 x 1.5 mm com base para ser parafusado com chumbadores 1/2 x 4. Pintura: Galvanizado a fogo;	ml	 R$  114,00 
17.7	Fornecimento e instalação de protetores de pilar metálico, Tubos: Redondos de ferro | 8 cm X 8 cm; Chapa: Retangular de Ferro | H=5 cm; Pintura: Fundo preparador/anticorrosivo e Amarelo;	und	 R$  140,40 
17.8	Fornecimento e instalação de rampa metálica  incluindo pintura eletrostática;	m²	 R$  1.872,00 
17.9	Guarda Corpo Metálico, incluindo pintura eletrostática na cor sunflower yellow;	ml	 R$  331,27 
17.10	Pilar e Viga Metálica em metalon 10x10 com pintura eletrostática preta - Dimensionamento à cargo da proponente, garantindo o atendimento à demanda. Apresentar projeto, memória de cálculo e ART;	m²	 R$  22,44 
17.11	Fornecimento e instalação de rampa de acesso; Altura a ser vencida: 1,20m; Largura: 3,00m; Inclinação: 20%; Carga para Veículos Médios; Pintura: Epóxi Cinza e Amarelo; Segurança: Aplicação de chapa expandida no trecho das rodas;	m²	 R$  1.680,00 
17.12	Fornecimento e instalação de rampa de acesso; Altura a ser vencida: 1,30m; Largura: 3,00m; Inclinação: 20%; Carga para Veículos Médios; Pintura: Epóxi Cinza e Amarelo; Segurança: Aplicação de chapa expandida no trecho das rodas;	m²	 R$  1.680,00 
17.13	Fornecimento e instalação de rampa de acesso; Altura a ser vencida: 1,40m; Largura: 3,00m; Inclinação: 20%; Carga para Veículos Médios; Pintura: Epóxi Cinza e Amarelo; Segurança: Aplicação de chapa expandida no trecho das rodas;	m²	 R$  1.680,00 
17.14	Fornecimento e instalação de rampa de acesso; Altura a ser vencida: 1,50m; Largura: 3,00m; Inclinação: 20%; Carga para Veículos Médios; Pintura: Epóxi Cinza e Amarelo; Segurança: Aplicação de chapa expandida no trecho das rodas;	m²	 R$  1.680,00 
17.15	Fornecimento e instalação de bate rodas interno (metálico); Dimensões: 60cm x 20cm; Altura: 15cm; Pintura: Fundo  preparador/anticorrosivo e Amarelo;	m²	 R$  37,20 
18	DIVERSOS		
18.1	Fornecimento e instalação de ventilador de parede Ventisilva 65cm, Oscilante Bivolt, considerar interruptor liga e desliga;	 und	 R$  180,00 
18.2	"Fornecimento e instalação de Ventilador VLS-1000: 
Vazão 18000m3/h; Diâmetro 1000mm; Potencia 0,5cv 6 polos; Tensão 127/220V; Rotação 1120 rpm; Hélice 3 pás - nylon]; Estrutura em aço carbono; Grade de proteção conforme NR-12;"	 und	 R$  216,00 
18.3	Fornecimento e instação de cortina Vinílica para Ambulatório;	 m	 R$  180,00 
18.4	Persiana Rolô Tecido Poliéster Blackout 3% Screen Branca;	 und	 R$  120,00 
18.5	Fornecimento e instalação de suporte de parede universal para TV, não articulado (Salas de reunião e treinamento);	 und	 R$  96,00 
18.6	Nobreak 10KVA - Entrada 380V - Saída 380V - autonomia de 15 minutos - CATRACAS - Não considerado;	 und	 R$  4.068,00 
18.7	Nobreak 20KVA - Entrada 380V - Saída 380V - autonomia de 15 minutos - Não considerado;	 und	 R$  5.963,76 
18.8	Nobreak 2KVA - Para catracas na área administrativa;	 und	 R$  480,00 
18.9	"Fornecimento e instalação de DockLight:
Comprimento aberto: 1,90 m; Comprimento fechado: 1,0m
LED: 50w Fornecedor sugerido: Niverlatec ou similar;"	 und	 R$  480,00 
18.10	"Fornecimento e instalação de Sensor de Doca: 
Semáforo: Três cores de alerta (vermelho/amarelo/verde) com lâmpada de LED; Sirene: Intermitentes de alarme sonoro com temporizador com 85dB; Sensores: Massa ou fotoelétrico; Botoeiras: Comando para operar manualmente as cores do semáforo; Kits de suporte para o sistema de sensores em aço galvanizado proteção IP 65;
Fornecedor sugerido: Niverlatec ou similar;"	 und	 R$  360,00 
18.11	Fornecimento e instalação de Niveladora Eletro Hidráulica - Sobrepor Elétrica; Características: Plataforma niveladora de docas elétrica, com guarda corpo nas laterais; Dimensões: 200cm x 150cm; Altura do guarda corpo: 120cm; Capacidade de Carga: 2.500Kg; Pintura: Fundo preparador/anticorrosivo, Cinza e Amarelo (devem ser aprovadas); Fornecedores sugeridos: Kopron/Niverlatec/Martarello;	 und	 R$  1.440,00 
18.12	Fornecimento e instalação de Niveladora Eletro Hidráulica - Sobrepor Elétrica; Características: Plataforma niveladora de docas elétrica, com guarda corpo nas laterais; Dimensões: 200cm x 200cm; Altura do guarda corpo: 120cm; Capacidade de Carga: 2.500Kg; Pintura: Fundo preparador/anticorrosivo, Cinza e Amarelo (devem ser aprovadas); Fornecedores sugeridos: Kopron/Niverlatec/Martarello;	 und	 R$  1.440,00 
18.13	Fornecimento e instalação de Niveladora Eletro Hidráulica - Sobrepor Elétrica; Características: Plataforma niveladora de docas elétrica, com guarda corpo nas laterais; Dimensões: 250cm x 200cm; Altura do guarda corpo: 120cm; Capacidade de Carga: 2.500Kg; Pintura: Fundo preparador/anticorrosivo, Cinza e Amarelo (devem ser aprovadas); Fornecedores sugeridos: Kopron/Niverlatec/Martarello;	 und	 R$  1.440,00 
18.14	Fornecimento e instalação de Niveladora Manual; Características: Plataforma niveladora de docas manual (amortecedor a gás), com guarda corpo nas laterais; Dimensões: 200cm x 150cm; Altura do guarda corpo: 120cm; Capacidade de Carga: 2.500Kg; Pintura: Fundo preparador/anticorrosivo, Cinza e Amarelo (devem ser aprovadas); Fornecedores sugeridos: Kopron/Niverlatec/Martarello;	 und	 R$  1.440,00 
18.15	Fornecimento e instalação de Niveladora Manual; Características: Plataforma niveladora de docas manual (amortecedor a gás), com guarda corpo nas laterais; Dimensões: 200cm x 200cm; Altura do guarda corpo: 120cm; Capacidade de Carga: 2.500Kg; Pintura: Fundo preparador/anticorrosivo, Cinza e Amarelo (devem ser aprovadas); Fornecedores sugeridos: Kopron/Niverlatec/Martarello;	 und	 R$  1.440,00 
18.16	Fornecimento e instalação de Niveladora Manual; Características: Plataforma niveladora de docas manual (amortecedor a gás), com guarda corpo nas laterais; Dimensões: 250cm x 200cm; Altura do guarda corpo: 120cm; Capacidade de Carga: 2.500Kg; Pintura: Fundo preparador/anticorrosivo, Cinza e Amarelo (devem ser aprovadas); Fornecedores sugeridos: Kopron/Niverlatec/Martarello;	 und	 R$  1.440,00 
18.17	"Fornecimento e instalação de bate rodas em concreto armado para garantir a manobra dos veículos nas vagas externas ao galpão. Estrutura parafusada ao piso externo do galpão; Dimensões: 100cm x 20cm; Altura: 15 cm
Comprimento: 1 m; Pintura: Fundo preparador e Amarelo (deve ser aprovado);"	 und	 R$  96,00 
19	LIMPEZA		
19.1	Locação de caçambas e Retiradas de Entulhos;	und	 R$  352,80 
19.2	Limpeza Final de Obra.	m²	 R$  15,53 
20	OMISSOS		
20.1	Fornecimento e instalação de bate rodas interno MÓVEL (metálico); Dimensões: 100cm x 20cm; Altura: 15cm; Pintura: Fundo  preparador/anticorrosivo e Amarelo;	und	 R$  181,53 
20.2	Remanejamento de gradil existente	m	 R$  228,00 
20.3	Totem coluna - 3 metros (dutotec)	und	 R$  686,63 